index_zero_based,id,name,x_m,y_m,z_m
0,wp-4e9ca006-41b4-48de-9866-9b47775d31e0,B01 旋转标记,-1.0305513935,-38.120755822,-0.22161172299999998
1,wp-46e9ac0f-f08a-40da-b0ad-323331202eb1,B02 旋转标记,2.718615241,-37.414247013,-0.237278125
2,wp-ab82c1e3-989f-4397-a16c-4958457f94a8,B03 旋转标记,9.3055437515,-38.6949896635,-0.232077414
3,wp-16a7f48f-5572-4807-a16b-58b297809447,B04 旋转标记,13.178276858,-37.957106115,0.301030085
4,wp-276a061a-b73a-439a-847c-8d8aa0d5c1d2,B05 旋转标记,17.81191960779707,-37.00927089857203,1.4599294569349026
5,wp-771b0bd0-c39d-4e7c-9da6-f152e65c8d74,B06 旋转标记,22.606332315962426,-33.9361536373403,2.686611749656443
6,wp-13fa7f2b-7181-4d08-b227-475945ec8c68,B07 旋转标记,23.294266835,-28.843580984,3.063078513
7,wp-109142cc-62bd-4aef-96ba-274fca11af7b,B08 旋转标记,26.311984225,-24.329306466,4.593518348
8,wp-332837c8-378a-4e2d-8cb8-2623da1672bd,B09 旋转标记,30.182102049,-19.147549544999997,4.7018149010000005
9,wp-7fc6883e-6eb6-4fd8-8252-76d2212431ce,B10 旋转标记,34.90094637605659,-16.272931555623973,5.957170054531236
10,wp-dbb3bde5-21dc-4811-beb3-12d9ae2e4ea1,B11 旋转标记,41.10980319951922,-9.237192766303068,5.407904507268917
11,wp-8fd6354e-86de-41b4-a0aa-8a11ddf3834c,WP 13,43.86644085323048,-6.345533529208929,5.506445757749601
12,wp-f086616e-64d2-477a-9b66-debf9d543f5f,WP 14,48.861296230134975,-6.420603102187108,6.793019488058871
13,wp-d216ac08-a48b-4bbf-b8f2-f1c138c4f9b9,WP 15,51.100332241543974,-7.734653919710251,6.720058171110484
14,wp-caf6c1eb-7793-42b0-a302-49b6d088bf31,B12 旋转标记,52.590970368843976,-9.355571997302786,6.6328388429818546
15,wp-a6334d6d-2889-4939-88c3-7763f07a5581,WP 16,54.2287460302296,-13.55150029151248,4.946464508971143
16,wp-638deab1-3edd-4789-b6e9-a0eb7a1944e8,B13 旋转标记,52.9762976081622,-15.122387073081068,4.951381233624887
17,wp-60cd343b-10b7-403a-8ec6-b43e15bd3bba,WP 18,52.22382355731,-15.347961545122345,5.035030410469638
18,wp-9c7f51ac-489b-4cff-a998-6fa5be3e3db3,B14 旋转标记,53.439081752999996,-16.6836634215,5.132644524
19,wp-1f9e1b73-378a-425b-b7cf-fe4e57a85e9a,B15 旋转标记,54.898201326,-18.372961456,5.022204473
20,wp-ed73460e-5a96-4122-a767-5c24e4727cc2,B16 旋转标记,55.97368296759317,-23.14287237773466,4.978205741646139
21,wp-8c8a01ff-7ab5-4709-8d1e-ead1fa7152f8,WP 22,57.87964348428906,-25.261974401320458,5.483235762018542
22,wp-341b3315-a3ee-4bbb-b924-f097f83b0ea8,B17 旋转标记,60.580117852163724,-28.563530372345983,5.902292766761349
23,wp-b4639be8-9a5b-4ad7-923c-8f5e9d6ab36b,WP 24,60.965813236,-31.695796344,5.356444864
24,wp-01b860ca-bcbd-4c09-9db2-503c84c390a7,WP 25,64.338160409917,-37.15144864589884,5.486437599554728
25,wp-f95d7b6b-96db-461f-ae99-b20367f58cc8,WP 26,64.47014725064491,-40.53684664394369,5.411226631466426
26,wp-d79ae29b-3a8a-4b2a-a02c-27c6da8d59f8,WP 28,66.161775185,-41.585938544,5.611617347
27,wp-4e99fbe2-474a-4437-b8a4-745655b668e7,B18 旋转标记,67.38844705991194,-43.39371308532242,5.2066354989896935
28,wp-4ddd334f-2f12-447c-96e9-88157604d10d,WP 29,67.674540616,-46.573738312,5.899274149
29,wp-f112b059-b0ff-4260-90f4-a57f5c14ecb3,B19 旋转标记,67.38808908432924,-48.46239560981694,6.149530514899466
30,wp-9f8d401a-8066-4a8c-a5eb-736fa985909d,WP 31,65.370896565,-50.385479495,6.329872324
31,wp-745613f1-e8dd-4726-98ba-d1fa123b99d6,B20 旋转标记,60.134525653,-51.49462277,6.278743677
32,wp-36e07a7d-2312-44df-b917-0cc9425723ac,WP 34,50.215576118,-52.780522489,6.34890866
33,wp-06672b16-30f3-4290-b59f-023b48b40992,B21 旋转标记,49.71904302810694,-53.16265110095937,5.860904469293773
34,wp-2e45aa8e-e94c-40a6-82cb-4a40d1298b2c,WP 35,37.510849423,-57.127650112,6.379742616
35,wp-e01b182a-a211-4e81-bc9c-226969fa57eb,WP 36,33.23719576231992,-59.10670879930841,5.324510116091738
36,wp-3485cac4-c82a-4233-a404-abdcb828a933,B22 旋转标记,17.216946664311696,-59.489404653470224,4.322593411194507
37,wp-04d154cc-1bc8-4d3c-9a91-aa2d0afa9eba,WP 38,12.49958216364021,-59.38703571818559,4.16951352531183
38,wp-b14cfb14-8897-4ce3-8e2d-0da86f2a8e0e,B23 旋转标记,-1.256290042672446,-62.19160079044278,4.130951282480116
39,wp-5ba5b42a-3e69-4b89-a1cb-6953424b43ac,WP 40,-6.632905325906078,-62.06807046393075,3.9210236431523784
40,wp-45677e36-c569-40eb-84b5-55c02c75897e,B24 旋转标记,-13.72335797117205,-60.82750642911057,3.4961073673872853
41,wp-24e005ed-5c44-4ae3-9bd7-950e8065929e,WP 42,-25.65880418755582,-58.62921012867042,2.7718918151134524
42,wp-8d605483-e99b-4036-9fdf-d3bf766e06c3,B26 旋转标记,-27.63516079581544,-60.067170784417314,6.374800198468708
43,wp-d3d5a037-4e93-4bd9-b80d-a1afecc310db,WP 44,-29.643745939,-59.065677092,6.372676167
44,wp-e08fa8a9-700c-44c1-899b-e89f601abff5,B27 旋转标记,-30.761608084000002,-58.467904205500005,6.311234042
45,wp-2a61e028-f7a0-4ea0-8adf-3820d1648131,WP 66,-33.329418922,-55.899449609,6.574239559
46,wp-5f31e5f3-aa9a-478e-a89f-74a2ee67a1c5,WP 46,-35.500068356,-54.789675082,6.617191231
47,wp-1873bee3-7d02-4b2b-bc5e-b5209df0c4c2,B28 旋转标记,-36.6969875,-54.753720701,6.658721129
48,wp-e6e0d120-28ab-4e0b-b1ae-a9e6bb503f6f,WP 48,-39.604046122420755,-52.89925520554193,6.27426482760193
49,wp-7fe2b132-a76a-4277-95d1-cf9c1d8eb64d,WP 49,-39.71358117912793,-52.71226421676119,6.270285953783068
50,wp-d4efdb29-e68b-46ba-8af4-05ce193cc4d8,WP 50,-39.317312742485825,-51.12069246571231,5.72159098481063
51,wp-b5b83341-7e98-4db4-92e8-d907617b4766,WP 51,-40.82748065,-50.533686151,6.478932172
52,wp-b89edce3-8c7b-4d07-9649-546943ddae17,WP 52,-44.007365974963,-50.02878133192134,6.657467710756261
53,wp-52d427a8-2e4a-4a41-8589-336f81dda65b,WP 53,-45.58227011277856,-48.06399149949184,7.019555260538037
54,wp-6fc0e251-523c-4862-85af-4a1fcd05f966,WP 54,-46.818441376977376,-45.06320179712345,6.981029888513071
55,wp-c56ccc24-d208-4b82-ba09-21443550d9b9,B29 旋转标记,-46.629829400362695,-42.07999285035325,6.682016609120355
56,wp-d7c4ab87-0334-4d4a-abd7-b5f50bb14487,WP 56,-43.208731103651985,-39.948460379748504,4.281546152977869
57,wp-9637dd77-1d35-4b62-9b51-9b2a2dddc93c,WP 57,-42.62169935225481,-38.0620287209013,3.5503219538229533
58,wp-083f769b-246f-49fa-8336-ed18b81607cb,WP 58,-42.17250336195568,-35.649416215855354,3.025627473644599
59,wp-8a79fbde-6676-437e-a603-19b1a441579b,WP 59,-42.441127281325976,-30.70156204333688,1.7085161020332258
60,wp-87372e4e-0d47-4328-ad96-9c82be15169d,B30 旋转标记,-46.25286073231507,-32.20908776080084,1.9367439911652689
61,wp-4f652ddd-c98c-458f-9cf5-e8c60c4b10fd,WP 61,-48.50507762543528,-33.549999222593236,2.215397060969659
62,wp-e8de5853-6f11-4ea1-ac4b-92ecfde66647,WP 62,-52.461809134259454,-36.92825708162247,2.8679976263912668
63,wp-447e3fb1-1bef-46a7-b36c-520dc6f25880,WP 63,-55.23760234,-36.910401453,6.075203529
64,wp-3386cae6-65e8-4071-92f2-954920dc930e,B31 旋转标记,-55.944653005,-36.948378652,5.801590112
65,wp-9cd8f81f-a04a-4556-abc7-66571e4f4fab,B32 旋转标记,-56.162118241,-36.688058815000005,5.8206662495
