edge_index_zero_based,from,to,policy
0,B01 旋转标记,B02 旋转标记,basic_normal
1,B02 旋转标记,B03 旋转标记,stairs_normal
2,B03 旋转标记,B04 旋转标记,stairs_normal
3,B04 旋转标记,B05 旋转标记,stairs_normal
4,B05 旋转标记,B06 旋转标记,stairs_normal
5,B06 旋转标记,B07 旋转标记,stairs_normal
6,B07 旋转标记,B08 旋转标记,stairs_normal
7,B08 旋转标记,B09 旋转标记,stairs_normal
8,B09 旋转标记,B10 旋转标记,stairs_normal
9,B10 旋转标记,B11 旋转标记,stairs_normal
10,B11 旋转标记,WP 13,basic_normal
11,WP 13,WP 14,basic_normal
12,WP 14,WP 15,basic_normal
13,WP 15,B12 旋转标记,basic_normal
14,B12 旋转标记,WP 16,basic_normal
15,WP 16,B13 旋转标记,basic_normal
16,B13 旋转标记,WP 18,basic_normal
17,WP 18,B14 旋转标记,basic_normal
18,B14 旋转标记,B15 旋转标记,basic_normal
19,B15 旋转标记,B16 旋转标记,basic_normal
20,B16 旋转标记,WP 22,basic_normal
21,WP 22,B17 旋转标记,basic_normal
22,B17 旋转标记,WP 24,basic_normal
23,WP 24,WP 25,basic_normal
24,WP 25,WP 26,basic_normal
25,WP 26,WP 28,basic_normal
26,WP 28,B18 旋转标记,stairs_normal
27,B18 旋转标记,WP 29,stairs_normal
28,WP 29,B19 旋转标记,platform
29,B19 旋转标记,WP 31,platform
30,WP 31,B20 旋转标记,basic_normal
31,B20 旋转标记,WP 34,basic_normal
32,WP 34,B21 旋转标记,basic_normal
33,B21 旋转标记,WP 35,basic_normal
34,WP 35,WP 36,basic_normal
35,WP 36,B22 旋转标记,basic_normal
36,B22 旋转标记,WP 38,basic_normal
37,WP 38,B23 旋转标记,basic_normal
38,B23 旋转标记,WP 40,basic_normal
39,WP 40,B24 旋转标记,basic_normal
40,B24 旋转标记,WP 42,basic_normal
41,WP 42,B26 旋转标记,basic_normal
42,B26 旋转标记,WP 44,basic_normal
43,WP 44,B27 旋转标记,basic_normal
44,B27 旋转标记,WP 66,basic_normal
45,WP 66,WP 46,basic_normal
46,WP 46,B28 旋转标记,basic_normal
47,B28 旋转标记,WP 48,basic_normal
48,WP 48,WP 49,basic_normal
49,WP 49,WP 50,basic_normal
50,WP 50,WP 51,basic_normal
51,WP 51,WP 52,basic_normal
52,WP 52,WP 53,platform
53,WP 53,WP 54,basic_normal
54,WP 54,B29 旋转标记,basic_normal
55,B29 旋转标记,WP 56,basic_normal
56,WP 56,WP 57,basic_normal
57,WP 57,WP 58,basic_normal
58,WP 58,WP 59,basic_normal
59,WP 59,B30 旋转标记,basic_normal
60,B30 旋转标记,WP 61,basic_normal
61,WP 61,WP 62,basic_normal
62,WP 62,WP 63,basic_normal
63,WP 63,B31 旋转标记,basic_normal
64,B31 旋转标记,B32 旋转标记,basic_normal
